{"cameraMode":{"drawMode":0,"name":"Shaded","section":"Shading Mode"},"sceneLighting":false,"audioPlay":false,"sceneViewState":{"m_AlwaysRefresh":false,"showFog":true,"showSkybox":false,"showFlares":true,"showImageEffects":true,"showParticleSystems":true,"showVisualEffectGraphs":true,"m_FxEnabled":true},"in2DMode":false,"pivot":{"x":-0.42144259810447695,"y":1.15445077419281,"z":-0.5898236632347107},"rotation":{"x":-0.23060737550258637,"y":0.029769577085971834,"z":-0.007053186651319265,"w":-0.972576916217804},"size":0.8660253882408142,"orthographic":false}