{"cameraMode":{"drawMode":0,"name":"Shaded","section":"Shading Mode"},"sceneLighting":true,"audioPlay":false,"sceneViewState":{"m_AlwaysRefresh":false,"showFog":true,"showSkybox":true,"showFlares":true,"showImageEffects":true,"showParticleSystems":true,"showVisualEffectGraphs":true,"m_FxEnabled":true},"in2DMode":false,"pivot":{"x":16.772075653076173,"y":16.442258834838868,"z":-12.443130493164063},"rotation":{"x":0.2701098620891571,"y":-0.559299111366272,"z":0.19928613305091859,"w":0.7579857707023621},"size":1.2247449159622193,"orthographic":false}